STATE,ST_CASE,VE_TOTAL,VE_FORMS,PVH_INVL,PERSONS,PERMVIT,PERNOTMVIT,COUNTY,CITY,DAYNAME,MONTH,MONTHNAME,DAY_WEEK,DAY_WEEKNAME,HOUR,HOURNAME,ROUTE,Rurality,FUNC_SYS,LATITUDE,LONGITUDE,SP_JUR,HARM_EV,MAN_COLL,RELJCT2NAME,Type_Intersection,WRK_ZONE,REL_ROAD,REL_ROADNAME,LGT_COND,WEATHER1,WEATHER,SCH_BUSNAME,CF1,Fatalities,DRUNK_DRIVER
Illinois,170187,3,3,0,5,5,0,KANE (89),BATAVIA,7,4,April,1,Sunday,17,5:00pm-5:59pm,County Road,Urban,Principal Arterial - Other,41.82914167,-88.27941389,No Special Jurisdiction,Motor Vehicle In-Transport,Front-to-Front,Non-Junction,Not an Intersection,None,1,On Roadway,Daylight,Rain,Rain,No,None,1,0
Illinois,170188,1,1,0,1,1,0,KANE (89),AURORA,20,4,April,7,Saturday,10,10:00am-10:59am,Local Street - Municipality,Urban,Local,41.76930278,-88.29132222,No Special Jurisdiction,Fire Hydrant,The First Harmful Event was Not a Collision with a Motor Vehicle in Transport,Non-Junction,Not an Intersection,None,4,On Roadside,Daylight,Clear,Clear,No,None,1,0
Illinois,170189,1,1,0,2,2,0,JERSEY (83),JERSEYVILLE,21,4,April,1,Sunday,22,10:00pm-10:59pm,U.S. Highway,Urban,Principal Arterial - Other,39.11386111,-90.32287222,No Special Jurisdiction,Curb,The First Harmful Event was Not a Collision with a Motor Vehicle in Transport,Intersection-Related,Y-Intersection,None,4,On Roadside,Dark - Lighted,Clear,Clear,No,None,1,1
Illinois,170190,2,2,0,3,3,0,WHITE (193),NOT APPLICABLE,22,4,April,2,Monday,22,10:00pm-10:59pm,State Highway,Rural,Minor Arterial,37.91377778,-88.125325,No Special Jurisdiction,Motor Vehicle In-Transport,Front-to-Front,Non-Junction,Not an Intersection,None,1,On Roadway,Dark - Not Lighted,Clear,Clear,No,None,2,0
Illinois,170191,1,1,0,1,1,0,COOK (31),LEMONT,3,4,April,4,Wednesday,9,9:00am-9:59am,Local Street - Township,Urban,Local,41.68365278,-87.96943889,No Special Jurisdiction,Railway Vehicle,The First Harmful Event was Not a Collision with a Motor Vehicle in Transport,Railway Grade Crossing,Not an Intersection,None,1,On Roadway,Daylight,Clear,Clear,No,None,1,0
Illinois,170192,1,1,0,1,1,0,MCHENRY (111),NOT APPLICABLE,26,4,April,6,Friday,8,8:00am-8:59am,Local Street - Township,Rural,Minor Collector,42.42138056,-88.57937222,No Special Jurisdiction,Tree (Standing Only),The First Harmful Event was Not a Collision with a Motor Vehicle in Transport,Non-Junction,Not an Intersection,None,4,On Roadside,Daylight,Clear,Clear,No,None,1,0
Illinois,170194,1,1,0,1,1,0,COOK (31),NOT APPLICABLE,17,4,April,4,Wednesday,3,3:00am-3:59am,Interstate,Urban,Interstate,41.577825,-87.593775,No Special Jurisdiction,Impact Attenuator/Crash Cushion,The First Harmful Event was Not a Collision with a Motor Vehicle in Transport,Other location within Interchange Area,Not an Intersection,None,10,Separator,Dark - Lighted,Clear,Clear,No,None,1,1
Illinois,170195,1,1,0,1,1,0,OGLE (141),NOT APPLICABLE,23,4,April,3,Tuesday,5,5:00am-5:59am,County Road,Rural,Major Collector,42.01192222,-89.48156111,No Special Jurisdiction,Guardrail End,The First Harmful Event was Not a Collision with a Motor Vehicle in Transport,Non-Junction,Not an Intersection,None,4,On Roadside,Dark - Not Lighted,Cloudy,Cloudy,No,None,1,1
Illinois,170196,2,2,0,3,3,0,MADISON (119),BETHALTO,26,4,April,6,Friday,15,3:00pm-3:59pm,State Highway,Urban,Principal Arterial - Other Freeways and Expressways,38.90228056,-90.06308611,No Special Jurisdiction,Motor Vehicle In-Transport,Angle,Non-Junction,Not an Intersection,None,1,On Roadway,Daylight,Clear,Clear,No,None,1,0
Illinois,170197,2,2,0,4,4,0,GRUNDY (63),NOT APPLICABLE,27,4,April,7,Saturday,9,9:00am-9:59am,Local Street - Township,Rural,Local,41.14134444,-88.33805,No Special Jurisdiction,Motor Vehicle In-Transport,Angle,Intersection,Four-Way Intersection,None,1,On Roadway,Daylight,Rain,Rain,No,None,1,0
Illinois,170198,1,1,0,1,1,0,CASS (17),NOT APPLICABLE,19,4,April,6,Friday,10,10:00am-10:59am,Local Street - Township,Rural,Local,40.00635833,-90.45101389,No Special Jurisdiction,Tree (Standing Only),The First Harmful Event was Not a Collision with a Motor Vehicle in Transport,Non-Junction,Not an Intersection,None,4,On Roadside,Daylight,Clear,Clear,No,None,1,0
Illinois,170199,2,2,0,3,3,0,MADISON (119),WOOD RIVER,12,4,April,6,Friday,20,8:00pm-8:59pm,State Highway,Urban,Principal Arterial - Other,38.860175,-90.09365833,No Special Jurisdiction,Motor Vehicle In-Transport,Angle,Intersection,T-Intersection,None,1,On Roadway,Dark - Lighted,Clear,Clear,No,None,1,1
Illinois,170200,2,2,0,3,3,0,IROQUOIS (75),NOT APPLICABLE,19,4,April,6,Friday,15,3:00pm-3:59pm,County Road,Rural,Major Collector,40.83683056,-88.090575,No Special Jurisdiction,Motor Vehicle In-Transport,Angle,Intersection,Four-Way Intersection,None,1,On Roadway,Daylight,Clear,Clear,No,None,1,0
Illinois,170202,1,1,0,1,1,0,TAZEWELL (179),NOT APPLICABLE,21,4,April,1,Sunday,16,4:00pm-4:59pm,County Road,Rural,Principal Arterial - Other,40.466325,-89.86023889,No Special Jurisdiction,Other Object (not fixed),The First Harmful Event was Not a Collision with a Motor Vehicle in Transport,Intersection-Related,Y-Intersection,None,4,On Roadside,Daylight,Clear,Clear,No,None,1,1
Illinois,170203,2,2,0,3,3,0,WILL (197),JOLIET,21,4,April,1,Sunday,13,1:00pm-1:59pm,County Road,Urban,Minor Arterial,41.52335278,-88.04308333,No Special Jurisdiction,Motor Vehicle In-Transport,Angle,Non-Junction,Not an Intersection,None,1,On Roadway,Daylight,Clear,Clear,No,None,1,1
Illinois,170204,2,2,0,2,2,0,KANKAKEE (91),NOT APPLICABLE,23,4,April,3,Tuesday,15,3:00pm-3:59pm,State Highway,Rural,Minor Arterial,41.11739444,-88.07005556,No Special Jurisdiction,Motor Vehicle In-Transport,Sideswipe - Opposite Direction,Non-Junction,Not an Intersection,None,1,On Roadway,Daylight,Clear,Clear,No,None,1,0
Illinois,170206,2,2,0,6,6,0,COOK (31),CHICAGO,28,4,April,1,Sunday,3,3:00am-3:59am,Interstate,Urban,Interstate,41.83724167,-87.67743056,No Special Jurisdiction,Motor Vehicle In-Transport,Front-to-Rear,Through Roadway,Not an Intersection,None,1,On Roadway,Dark - Lighted,Cloudy,Cloudy,No,None,1,1
Illinois,170207,1,1,0,3,3,0,COOK (31),CHICAGO,29,4,April,2,Monday,2,2:00am-2:59am,U.S. Highway,Urban,Principal Arterial - Other,41.901275,-87.62000556,No Special Jurisdiction,Concrete Traffic Barrier,The First Harmful Event was Not a Collision with a Motor Vehicle in Transport,Non-Junction,Not an Intersection,None,4,On Roadside,Dark - Lighted,Cloudy,Cloudy,No,None,1,0
Illinois,170208,2,2,0,2,2,0,COOK (31),ALSIP,14,4,April,1,Sunday,19,7:00pm-7:59pm,State Highway,Urban,Principal Arterial - Other,41.66165833,-87.73878889,No Special Jurisdiction,Motor Vehicle In-Transport,Front-to-Rear,Intersection-Related,Four-Way Intersection,None,1,On Roadway,Dark - Lighted,Sleet or Hail,Sleet or Hail,No,None,1,0
Illinois,170209,1,1,0,1,1,0,LIVINGSTON (105),NOT APPLICABLE,29,4,April,2,Monday,10,10:00am-10:59am,Local Street - Township,Rural,Local,40.77568611,-88.31132778,No Special Jurisdiction,Bridge Rail (Includes parapet),The First Harmful Event was Not a Collision with a Motor Vehicle in Transport,Non-Junction,Not an Intersection,None,4,On Roadside,Daylight,Cloudy,Cloudy,No,Date of Crash and Date of EMS Notification were not the same day,1,1
Illinois,170211,1,1,0,2,2,0,MONROE (133),NOT APPLICABLE,21,4,April,1,Sunday,15,3:00pm-3:59pm,State Highway,Rural,Principal Arterial - Other,38.26896389,-90.09301111,No Special Jurisdiction,Rollover/Overturn,The First Harmful Event was Not a Collision with a Motor Vehicle in Transport,Non-Junction,Not an Intersection,None,1,On Roadway,Daylight,Clear,Clear,No,Recent/Previous Crash scene Nearby,1,0
Illinois,170212,2,2,0,2,2,0,SALINE (165),NOT APPLICABLE,23,4,April,3,Tuesday,6,6:00am-6:59am,U.S. Highway,Urban,Principal Arterial - Other,37.77597778,-88.50180556,No Special Jurisdiction,Motor Vehicle In-Transport,Front-to-Rear,Non-Junction,Not an Intersection,None,1,On Roadway,Daylight,Clear,Clear,No,None,1,0
Illinois,170213,1,1,0,1,1,0,LASALLE (99),NOT APPLICABLE,27,4,April,7,Saturday,8,8:00am-8:59am,County Road,Rural,Major Collector,41.44600556,-88.61514722,No Special Jurisdiction,Utility Pole/Light Support,The First Harmful Event was Not a Collision with a Motor Vehicle in Transport,Non-Junction,Not an Intersection,None,4,On Roadside,Daylight,Clear,Clear,No,None,1,0
Illinois,170214,3,3,0,3,3,0,COOK (31),MARKHAM,15,4,April,2,Monday,5,5:00am-5:59am,U.S. Highway,Urban,Principal Arterial - Other,41.60164722,-87.70914167,No Special Jurisdiction,Motor Vehicle In-Transport,Angle,Through Roadway,Not an Intersection,None,1,On Roadway,Not Reported,Other,Other,No,None,1,0
Illinois,170215,1,1,0,4,4,0,HARDIN (69),NOT APPLICABLE,23,4,April,3,Tuesday,11,11:00am-11:59am,State Highway,Rural,Minor Arterial,37.5331,-88.40054722,No Special Jurisdiction,Rollover/Overturn,The First Harmful Event was Not a Collision with a Motor Vehicle in Transport,Non-Junction,Not an Intersection,None,4,On Roadside,Daylight,Clear,Clear,No,None,1,0
Illinois,170216,1,1,0,2,2,0,HENRY (73),NOT APPLICABLE,27,4,April,7,Saturday,23,11:00pm-11:59pm,U.S. Highway,Rural,Major Collector,41.15144444,-90.38106944,No Special Jurisdiction,Mail Box,The First Harmful Event was Not a Collision with a Motor Vehicle in Transport,Non-Junction,Not an Intersection,None,4,On Roadside,Dark - Not Lighted,Clear,Clear,No,None,1,1
Illinois,170217,2,2,0,2,2,0,COOK (31),DES PLAINES,11,4,April,5,Thursday,7,7:00am-7:59am,Local Street - Municipality,Urban,Minor Arterial,42.02703889,-87.90903333,No Special Jurisdiction,Motor Vehicle In-Transport,Front-to-Rear,Intersection,Four-Way Intersection,None,1,On Roadway,Daylight,Clear,Clear,No,None,1,0
Illinois,170218,2,2,0,2,2,0,MCHENRY (111),JOHNSBURG,23,4,April,3,Tuesday,12,12:00pm-12:59pm,Local Street - Municipality,Urban,Minor Arterial,42.40118333,-88.22355556,No Special Jurisdiction,Motor Vehicle In-Transport,Angle,Intersection,Four-Way Intersection,None,1,On Roadway,Daylight,Clear,Clear,No,None,1,0
Illinois,170219,2,2,0,3,3,0,COOK (31),CHICAGO,9,4,April,3,Tuesday,10,10:00am-10:59am,Local Street - Municipality,Urban,Minor Arterial,41.77813611,-87.75683611,No Special Jurisdiction,Motor Vehicle In-Transport,Angle,Intersection,T-Intersection,None,1,On Roadway,Daylight,Clear,Clear,No,None,1,0
Illinois,170220,2,2,0,4,4,0,COOK (31),CHICAGO,13,4,April,7,Saturday,3,3:00am-3:59am,Local Street - Municipality,Urban,Principal Arterial - Other,41.78308056,-87.72287778,No Special Jurisdiction,Motor Vehicle In-Transport,Angle,Driveway Access Related,Not an Intersection,None,1,On Roadway,Dark - Lighted,Cloudy,Cloudy,No,None,1,0
Illinois,170222,2,2,0,3,3,0,COOK (31),CHICAGO,18,4,April,5,Thursday,16,4:00pm-4:59pm,Local Street - Municipality,Urban,Major Collector,41.78712778,-87.63768611,No Special Jurisdiction,Motor Vehicle In-Transport,Angle,Intersection,Four-Way Intersection,None,1,On Roadway,Daylight,Clear,Clear,No,Police Pursuit Involved,1,0
Illinois,170223,2,2,0,2,2,0,LASALLE (99),NOT APPLICABLE,24,4,April,4,Wednesday,14,2:00pm-2:59pm,U.S. Highway,Rural,Minor Arterial,41.485675,-88.66891111,No Special Jurisdiction,Motor Vehicle In-Transport,Angle,Intersection,Four-Way Intersection,None,1,On Roadway,Daylight,Clear,Clear,No,None,1,0
Illinois,170224,2,2,0,2,2,0,COOK (31),NILES,25,4,April,5,Thursday,19,7:00pm-7:59pm,U.S. Highway,Urban,Minor Arterial,42.04060556,-87.81536667,No Special Jurisdiction,Motor Vehicle In-Transport,Angle,Intersection,T-Intersection,None,1,On Roadway,Dusk,Clear,Clear,No,None,1,0
Illinois,170227,1,1,0,3,3,0,COOK (31),CHICAGO,17,4,April,4,Wednesday,19,7:00pm-7:59pm,Interstate,Urban,Interstate,41.76909722,-87.62607778,No Special Jurisdiction,Embankment,The First Harmful Event was Not a Collision with a Motor Vehicle in Transport,Other location within Interchange Area,Not an Intersection,None,4,On Roadside,Daylight,Clear,Clear,No,None,1,1
Illinois,170228,2,2,0,3,3,0,LAKE (97),HAWTHORN WOODS,21,4,April,1,Sunday,10,10:00am-10:59am,County Road,Urban,Minor Arterial,42.21911389,-88.060525,No Special Jurisdiction,Motor Vehicle In-Transport,Angle,Driveway Access Related,Not an Intersection,None,1,On Roadway,Daylight,Clear,Clear,No,None,1,0
Illinois,170229,2,2,0,2,2,0,OGLE (141),NOT APPLICABLE,26,4,April,6,Friday,14,2:00pm-2:59pm,State Highway,Rural,Principal Arterial - Other,42.12424444,-89.28425556,No Special Jurisdiction,Motor Vehicle In-Transport,Front-to-Front,Non-Junction,Not an Intersection,None,1,On Roadway,Daylight,Clear,Clear,No,None,1,0
Illinois,170230,2,2,0,3,3,0,DEKALB (37),NOT APPLICABLE,1,5,May,4,Wednesday,12,12:00pm-12:59pm,State Highway,Rural,Minor Arterial,41.85236111,-88.753875,No Special Jurisdiction,Motor Vehicle In-Transport,Front-to-Front,Non-Junction,Not an Intersection,None,1,On Roadway,Daylight,Clear,Clear,No,None,2,0
Illinois,170231,2,2,0,7,7,0,FRANKLIN (55),NOT APPLICABLE,2,5,May,5,Thursday,13,1:00pm-1:59pm,Interstate,Urban,Interstate,37.90549444,-88.94639167,No Special Jurisdiction,Motor Vehicle In-Transport,Front-to-Rear,Non-Junction,Not an Intersection,None,1,On Roadway,Daylight,Rain,Rain,No,Indication of a Stalled/Disabled Vehicle,5,0
Illinois,170232,1,1,0,1,1,0,TAZEWELL (179),NOT APPLICABLE,4,5,May,7,Saturday,10,10:00am-10:59am,Local Street - Township,Rural,Local,40.60651389,-89.41260833,No Special Jurisdiction,Rollover/Overturn,The First Harmful Event was Not a Collision with a Motor Vehicle in Transport,Non-Junction,Not an Intersection,None,1,On Roadway,Daylight,Clear,Clear,No,None,1,0
Illinois,170233,2,2,0,2,2,0,WILL (197),NOT APPLICABLE,4,5,May,7,Saturday,15,3:00pm-3:59pm,Interstate,Urban,Interstate,41.51001944,-88.19671111,No Special Jurisdiction,Motor Vehicle In-Transport,Front-to-Rear,Non-Junction,Not an Intersection,None,1,On Roadway,Daylight,Clear,Clear,No,Indication of a Stalled/Disabled Vehicle,1,0
Illinois,170234,1,1,0,2,2,0,COOK (31),CHICAGO,5,5,May,1,Sunday,2,2:00am-2:59am,Interstate,Urban,Interstate,41.96698333,-87.75394167,No Special Jurisdiction,Concrete Traffic Barrier,The First Harmful Event was Not a Collision with a Motor Vehicle in Transport,Other location within Interchange Area,Not an Intersection,Maintenance,3,On Median,Dark - Lighted,Clear,Clear,No,None,1,1
Illinois,170235,2,2,0,3,3,0,MACON (115),NOT APPLICABLE,3,5,May,6,Friday,13,1:00pm-1:59pm,County Road,Rural,Major Collector,39.93615278,-88.91815833,No Special Jurisdiction,Motor Vehicle In-Transport,Angle,Intersection,Four-Way Intersection,None,1,On Roadway,Daylight,Clear,Clear,No,None,1,0
Illinois,170236,2,2,0,3,3,0,CHRISTIAN (21),NOT APPLICABLE,9,5,May,5,Thursday,19,7:00pm-7:59pm,State Highway,Urban,Minor Arterial,39.55921944,-89.27383056,No Special Jurisdiction,Motor Vehicle In-Transport,Angle,Intersection,T-Intersection,None,1,On Roadway,Dark - Not Lighted,Clear,Clear,No,None,1,0
Illinois,170238,2,2,0,3,3,0,MADISON (119),NOT APPLICABLE,22,4,April,2,Monday,21,9:00pm-9:59pm,Local Street - Township,Rural,Local,38.6918,-89.65209722,No Special Jurisdiction,Motor Vehicle In-Transport,Front-to-Front,Non-Junction,Not an Intersection,None,1,On Roadway,Dark - Not Lighted,Clear,Clear,No,None,1,0
Illinois,170239,2,2,0,2,2,0,WHITE (193),NOT APPLICABLE,9,5,May,5,Thursday,4,4:00am-4:59am,State Highway,Rural,Minor Arterial,37.93302778,-88.08623333,No Special Jurisdiction,Motor Vehicle In-Transport,Front-to-Front,Non-Junction,Not an Intersection,None,1,On Roadway,Dark - Not Lighted,Clear,Clear,No,None,1,0
Illinois,170240,1,1,0,2,2,0,COOK (31),CHICAGO,11,5,May,7,Saturday,7,7:00am-7:59am,Local Street - Township,Urban,Minor Arterial,41.74987778,-87.70174722,No Special Jurisdiction,Bridge Pier or Support,The First Harmful Event was Not a Collision with a Motor Vehicle in Transport,Non-Junction,Not an Intersection,None,3,On Median,Daylight,Clear,Clear,No,None,1,1
Illinois,170241,2,2,0,2,2,0,MCHENRY (111),NOT APPLICABLE,11,5,May,7,Saturday,0,0:00am-0:59am,County Road,Urban,Minor Arterial,42.36498056,-88.20412778,No Special Jurisdiction,Motor Vehicle In-Transport,Front-to-Front,Non-Junction,Not an Intersection,None,1,On Roadway,Dark - Not Lighted,Clear,Clear,No,None,1,0
Illinois,170242,2,2,0,2,2,0,DUPAGE (43),BARTLETT,9,5,May,5,Thursday,11,11:00am-11:59am,State Highway,Urban,Principal Arterial - Other,41.94677222,-88.20803333,No Special Jurisdiction,Motor Vehicle In-Transport,Angle,Intersection,Four-Way Intersection,None,1,On Roadway,Daylight,Cloudy,Cloudy,No,None,1,0
Illinois,170243,1,1,0,1,1,0,COOK (31),NOT APPLICABLE,25,4,April,5,Thursday,5,5:00am-5:59am,Interstate,Urban,Interstate,41.70633333,-87.79268333,No Special Jurisdiction,Guardrail Face,The First Harmful Event was Not a Collision with a Motor Vehicle in Transport,Non-Junction,Not an Intersection,None,4,On Roadside,Dark - Lighted,Clear,Clear,No,None,1,1
Illinois,170244,2,2,0,2,2,0,WILL (197),NOT APPLICABLE,9,5,May,5,Thursday,17,5:00pm-5:59pm,County Road,Urban,Principal Arterial - Other,41.34031389,-87.68234722,No Special Jurisdiction,Motor Vehicle In-Transport,Front-to-Front,Non-Junction,Not an Intersection,None,1,On Roadway,Daylight,Clear,Clear,No,None,1,0
Illinois,170245,1,1,0,1,1,0,BOONE (7),NOT APPLICABLE,10,5,May,6,Friday,21,9:00pm-9:59pm,U.S. Highway,Urban,Principal Arterial - Other,42.27618611,-88.87002778,No Special Jurisdiction,Ditch,The First Harmful Event was Not a Collision with a Motor Vehicle in Transport,Non-Junction,Not an Intersection,None,4,On Roadside,Dark - Not Lighted,Clear,Clear,No,None,1,1
Illinois,170247,1,1,0,2,2,0,ST. CLAIR (163),NEW BADEN,12,5,May,1,Sunday,1,1:00am-1:59am,Interstate,Rural,Interstate,38.53873333,-89.73138889,No Special Jurisdiction,Ditch,The First Harmful Event was Not a Collision with a Motor Vehicle in Transport,Non-Junction,Not an Intersection,None,4,On Roadside,Dark - Not Lighted,Rain,Rain,No,None,1,0
Illinois,170248,2,2,0,3,3,0,GRUNDY (63),NOT APPLICABLE,12,5,May,1,Sunday,16,4:00pm-4:59pm,State Highway,Rural,Principal Arterial - Other,41.302175,-88.42052778,No Special Jurisdiction,Motor Vehicle In-Transport,Front-to-Front,Non-Junction,Not an Intersection,None,1,On Roadway,Daylight,Clear,Clear,No,None,1,0
Illinois,170249,2,2,0,2,2,0,CHAMPAIGN (19),NOT APPLICABLE,6,5,May,2,Monday,12,12:00pm-12:59pm,Local Street - Township,Rural,Local,40.14215278,-88.33365556,No Special Jurisdiction,Motor Vehicle In-Transport,Angle,Intersection,Four-Way Intersection,None,1,On Roadway,Daylight,Clear,Clear,No,None,1,0
Illinois,170250,1,1,0,1,1,0,ST. CLAIR (163),NOT APPLICABLE,24,6,June,2,Monday,4,4:00am-4:59am,Interstate,Urban,Interstate,38.62149444,-90.12226667,No Special Jurisdiction,Embankment,The First Harmful Event was Not a Collision with a Motor Vehicle in Transport,Non-Junction,Not an Intersection,None,4,On Roadside,Dark - Not Lighted,Clear,Clear,No,None,1,1
Illinois,170251,2,2,0,2,2,0,MADISON (119),HARTFORD,14,5,May,3,Tuesday,9,9:00am-9:59am,State Highway,Urban,Principal Arterial - Other,38.84090556,-90.09763611,No Special Jurisdiction,Motor Vehicle In-Transport,Angle,Intersection,Four-Way Intersection,None,1,On Roadway,Daylight,Clear,Clear,No,None,1,1
Illinois,170253,1,1,0,1,1,0,WILL (197),ROMEOVILLE,15,5,May,4,Wednesday,4,4:00am-4:59am,Local Street - Municipality,Urban,Local,41.60806111,-88.16286389,No Special Jurisdiction,Guardrail Face,The First Harmful Event was Not a Collision with a Motor Vehicle in Transport,Non-Junction,Not an Intersection,None,4,On Roadside,Dark - Not Lighted,Clear,Clear,No,None,1,1
Illinois,170255,2,2,0,2,2,0,MONTGOMERY (135),NOT APPLICABLE,16,5,May,5,Thursday,8,8:00am-8:59am,State Highway,Rural,Minor Arterial,39.29511111,-89.56351389,No Special Jurisdiction,Motor Vehicle In-Transport,Front-to-Front,Non-Junction,Not an Intersection,None,1,On Roadway,Daylight,Clear,Clear,No,None,2,0
Illinois,170256,1,1,0,1,1,0,ST. CLAIR (163),EAST SAINT LOUIS,16,5,May,5,Thursday,3,3:00am-3:59am,Interstate,Urban,Interstate,38.61528611,-90.17136111,No Special Jurisdiction,Bridge Rail (Includes parapet),The First Harmful Event was Not a Collision with a Motor Vehicle in Transport,Entrance/Exit Ramp Related,Not an Intersection,None,4,On Roadside,Dark - Not Lighted,Clear,Clear,No,None,1,1
Illinois,170257,1,1,0,1,1,0,WINNEBAGO (201),NOT APPLICABLE,18,6,June,3,Tuesday,14,2:00pm-2:59pm,Local Street - Township,Urban,Major Collector,42.41097778,-89.11753611,No Special Jurisdiction,Rollover/Overturn,The First Harmful Event was Not a Collision with a Motor Vehicle in Transport,Non-Junction,Not an Intersection,None,4,On Roadside,Daylight,Clear,Clear,No,None,1,1
Illinois,170258,1,1,0,1,1,0,HENDERSON (71),NOT APPLICABLE,15,5,May,4,Wednesday,21,9:00pm-9:59pm,State Highway,Rural,Minor Arterial,40.73463333,-90.90378333,No Special Jurisdiction,Embankment,The First Harmful Event was Not a Collision with a Motor Vehicle in Transport,Intersection-Related,Four-Way Intersection,None,4,On Roadside,Dark - Not Lighted,Clear,Clear,No,None,1,0
Illinois,170259,1,1,0,1,1,0,COOK (31),SUMMIT,19,5,May,1,Sunday,10,10:00am-10:59am,Interstate,Urban,Interstate,41.79636667,-87.81459167,No Special Jurisdiction,Guardrail Face,The First Harmful Event was Not a Collision with a Motor Vehicle in Transport,Entrance/Exit Ramp Related,Not an Intersection,None,4,On Roadside,Daylight,Clear,Clear,No,None,1,0
Illinois,170260,1,1,0,1,1,0,MONTGOMERY (135),NOT APPLICABLE,26,6,June,4,Wednesday,16,4:00pm-4:59pm,Interstate,Rural,Interstate,39.31923611,-89.64323611,No Special Jurisdiction,Rollover/Overturn,The First Harmful Event was Not a Collision with a Motor Vehicle in Transport,Entrance/Exit Ramp Related,Not an Intersection,None,4,On Roadside,Daylight,Reported as Unknown,Reported as Unknown,No,None,1,0
Illinois,170261,1,1,0,4,4,0,MARION (121),NOT APPLICABLE,9,7,July,3,Tuesday,11,11:00am-11:59am,Interstate,Urban,Interstate,38.60583056,-88.96892222,No Special Jurisdiction,Rollover/Overturn,The First Harmful Event was Not a Collision with a Motor Vehicle in Transport,Non-Junction,Not an Intersection,None,4,On Roadside,Daylight,Clear,Clear,No,None,1,0
Illinois,170262,2,2,0,3,3,0,RANDOLPH (157),NOT APPLICABLE,18,5,May,7,Saturday,20,8:00pm-8:59pm,State Highway,Rural,Minor Arterial,38.19054444,-89.90331389,No Special Jurisdiction,Motor Vehicle In-Transport,Front-to-Front,Non-Junction,Not an Intersection,None,1,On Roadway,Dark - Not Lighted,Clear,Clear,No,None,2,0
Illinois,170263,2,2,0,4,4,0,IROQUOIS (75),NOT APPLICABLE,20,5,May,2,Monday,18,6:00pm-6:59pm,U.S. Highway,Rural,Minor Arterial,41.003875,-87.86755556,No Special Jurisdiction,Motor Vehicle In-Transport,Angle,Intersection,Four-Way Intersection,None,1,On Roadway,Daylight,Clear,Clear,No,None,1,0
Illinois,170264,2,2,0,2,2,0,COOK (31),CALUMET CITY,21,5,May,3,Tuesday,3,3:00am-3:59am,Interstate,Urban,Interstate,41.62338889,-87.57887778,No Special Jurisdiction,Motor Vehicle In-Transport,Front-to-Rear,Through Roadway,Not an Intersection,None,1,On Roadway,Dark - Lighted,Rain,Rain,No,None,1,1
Illinois,170265,2,2,0,4,4,0,WILL (197),ROMEOVILLE,23,5,May,5,Thursday,3,3:00am-3:59am,Local Street - Municipality,Urban,Major Collector,41.67549722,-88.11345,No Special Jurisdiction,Motor Vehicle In-Transport,Sideswipe - Same Direction,Non-Junction,Not an Intersection,None,1,On Roadway,Dark - Lighted,Clear,Clear,No,None,1,0
Illinois,170267,2,2,0,3,3,0,COOK (31),CHICAGO,24,5,May,6,Friday,23,11:00pm-11:59pm,Local Street - Municipality,Urban,Principal Arterial - Other,41.66614722,-87.55886389,No Special Jurisdiction,Motor Vehicle In-Transport,Angle,Intersection,Four-Way Intersection,None,1,On Roadway,Dark - Lighted,Clear,Clear,No,None,1,0
Illinois,170268,1,1,0,2,2,0,KANE (89),MONTGOMERY,4,4,April,5,Thursday,16,4:00pm-4:59pm,State Highway,Urban,Minor Arterial,41.73683333,-88.32980556,No Special Jurisdiction,Tree (Standing Only),The First Harmful Event was Not a Collision with a Motor Vehicle in Transport,Non-Junction,Not an Intersection,None,4,On Roadside,Daylight,Rain,Rain,No,None,1,0
Illinois,170270,1,1,0,1,1,0,SANGAMON (167),SPRINGFIELD,26,4,April,6,Friday,16,4:00pm-4:59pm,Local Street - Municipality,Urban,Minor Arterial,39.72371667,-89.62521667,No Special Jurisdiction,Tree (Standing Only),The First Harmful Event was Not a Collision with a Motor Vehicle in Transport,Non-Junction,Not an Intersection,None,4,On Roadside,Daylight,Clear,Clear,No,None,1,0
Illinois,170271,2,2,0,4,4,0,ROCK ISLAND (161),NOT APPLICABLE,20,4,April,7,Saturday,10,10:00am-10:59am,State Highway,Rural,Major Collector,41.38669167,-90.71604722,No Special Jurisdiction,Motor Vehicle In-Transport,Angle,Intersection-Related,Four-Way Intersection,None,1,On Roadway,Daylight,Clear,Clear,No,None,1,0