STATE,ST_CASE,VE_TOTAL,VE_FORMS,PVH_INVL,PERSONS,PERMVIT,PERNOTMVIT,COUNTY,CITY,DAYNAME,MONTH,MONTHNAME,DAY_WEEK,DAY_WEEKNAME,HOUR,HOURNAME,ROUTE,Rurality,FUNC_SYS,LATITUDE,LONGITUDE,SP_JUR,HARM_EV,MAN_COLL,RELJCT2NAME,Type_Intersection,WRK_ZONE,REL_ROAD,REL_ROADNAME,LGT_COND,WEATHER1,WEATHER,SCH_BUSNAME,CF1,Fatalities,DRUNK_DRIVER
Minnesota,270209,1,1,0,1,1,0,AITKIN (1),NOT APPLICABLE,23,8,August,6,Friday,14,2:00pm-2:59pm,State Highway,Rural,Minor Arterial,46.34066944,-93.51470278,No Special Jurisdiction,Rollover/Overturn,The First Harmful Event was Not a Collision with a Motor Vehicle in Transport,Non-Junction,Not an Intersection,None,4,On Roadside,Daylight,Clear,Clear,No,None,1,0
Minnesota,270210,1,1,0,1,1,0,SHERBURNE (141),NOT APPLICABLE,12,3,March,3,Tuesday,2,2:00am-2:59am,County Road,Rural,Major Collector,45.50114444,-93.81985556,No Special Jurisdiction,Rollover/Overturn,The First Harmful Event was Not a Collision with a Motor Vehicle in Transport,Intersection-Related,T-Intersection,None,4,On Roadside,Dark - Not Lighted,Clear,Clear,No,None,1,1
Minnesota,270211,2,2,0,2,2,0,HENNEPIN (53),MINNEAPOLIS,24,6,June,2,Monday,13,1:00pm-1:59pm,Local Street - Municipality,Urban,Minor Arterial,44.984225,-93.28351111,No Special Jurisdiction,Motor Vehicle In-Transport,Angle,Intersection,Four-Way Intersection,None,1,On Roadway,Daylight,Clear,Clear,No,None,1,0
Minnesota,270212,1,1,0,2,2,0,MORRISON (97),NOT APPLICABLE,19,8,August,2,Monday,19,7:00pm-7:59pm,County Road,Rural,Major Collector,45.93203333,-94.26756389,No Special Jurisdiction,Mail Box,The First Harmful Event was Not a Collision with a Motor Vehicle in Transport,Non-Junction,Not an Intersection,None,4,On Roadside,Daylight,Clear,Clear,No,None,1,0
Minnesota,270213,2,1,1,1,1,0,WASHINGTON (163),BAYPORT,30,8,August,6,Friday,22,10:00pm-10:59pm,County Road,Urban,Minor Arterial,45.02153611,-92.78335556,No Special Jurisdiction,Parked Motor Vehicle,The First Harmful Event was Not a Collision with a Motor Vehicle in Transport,Non-Junction,Not an Intersection,None,7,In Parking Lane/Zone,Dark - Lighted,Clear,Clear,No,None,1,1
Minnesota,270214,2,2,0,6,6,0,DAKOTA (37),INVER GROVE HEIGHTS,31,8,August,7,Saturday,7,7:00am-7:59am,County Road,Urban,Minor Arterial,44.83355,-93.04991667,No Special Jurisdiction,Motor Vehicle In-Transport,Front-to-Front,Non-Junction,Not an Intersection,None,1,On Roadway,Daylight,Clear,Clear,No,None,2,0
Minnesota,270215,1,1,0,1,1,0,HENNEPIN (53),EDINA,31,8,August,7,Saturday,22,10:00pm-10:59pm,State Highway,Urban,Principal Arterial - Other Freeways and Expressways,44.88705556,-93.328075,No Special Jurisdiction,Rollover/Overturn,The First Harmful Event was Not a Collision with a Motor Vehicle in Transport,Other location within Interchange Area,Not an Intersection,None,4,On Roadside,Dark - Lighted,Clear,Clear,No,None,1,1
Minnesota,270216,1,1,0,1,1,0,DODGE (39),NOT APPLICABLE,2,9,September,2,Monday,4,4:00am-4:59am,County Road,Rural,Major Collector,44.05799722,-92.70918889,No Special Jurisdiction,Tree (Standing Only),The First Harmful Event was Not a Collision with a Motor Vehicle in Transport,Non-Junction,Not an Intersection,None,5,Outside Trafficway,Dark - Not Lighted,Clear,Clear,No,None,1,0
Minnesota,270217,1,1,0,1,1,0,ROCK (133),NOT APPLICABLE,3,9,September,3,Tuesday,8,8:00am-8:59am,County Road,Rural,Major Collector,43.51547222,-96.09263056,No Special Jurisdiction,Culvert,The First Harmful Event was Not a Collision with a Motor Vehicle in Transport,Non-Junction,Not an Intersection,None,6,Off Roadway-Location Unknown,Daylight,Cloudy,Cloudy,No,None,1,0
Minnesota,270218,1,1,0,2,2,0,NORMAN (107),NOT APPLICABLE,3,9,September,3,Tuesday,21,9:00pm-9:59pm,County Road,Rural,Major Collector,47.27875278,-96.08846667,No Special Jurisdiction,Embankment,The First Harmful Event was Not a Collision with a Motor Vehicle in Transport,Non-Junction,Not an Intersection,None,4,On Roadside,Dark - Lighted,Cloudy,Cloudy,No,None,1,1
Minnesota,270219,2,2,0,2,2,0,STEARNS (145),NOT APPLICABLE,3,9,September,3,Tuesday,7,7:00am-7:59am,County Road,Rural,Local,45.50646389,-94.88588333,No Special Jurisdiction,Motor Vehicle In-Transport,Front-to-Rear,Intersection-Related,T-Intersection,None,1,On Roadway,Daylight,Clear,Clear,No,None,1,0
Minnesota,270220,1,1,0,2,2,0,ROCK (133),NOT APPLICABLE,4,9,September,4,Wednesday,3,3:00am-3:59am,County Road,Rural,Major Collector,43.77596111,-96.242125,No Special Jurisdiction,Embankment,The First Harmful Event was Not a Collision with a Motor Vehicle in Transport,Non-Junction,Not an Intersection,None,4,On Roadside,Dark - Not Lighted,Clear,Clear,No,None,2,1
Minnesota,270221,2,2,0,2,2,0,RICE (131),MORRISTOWN,30,8,August,6,Friday,9,9:00am-9:59am,State Highway,Rural,Minor Arterial,44.23090278,-93.44939167,No Special Jurisdiction,Motor Vehicle In-Transport,Angle,Intersection,Four-Way Intersection,None,1,On Roadway,Daylight,Clear,Clear,No,None,1,0
Minnesota,270222,2,2,0,2,2,0,LYON (83),NOT APPLICABLE,4,9,September,4,Wednesday,19,7:00pm-7:59pm,U.S. Highway,Rural,Minor Arterial,44.61596667,-95.80877778,No Special Jurisdiction,Motor Vehicle In-Transport,Angle,Intersection,Four-Way Intersection,None,1,On Roadway,Daylight,Clear,Clear,No,None,1,1
Minnesota,270223,1,1,0,1,1,0,KANABEC (65),NOT APPLICABLE,4,9,September,4,Wednesday,99,Unknown Hours,County Road,Rural,Minor Collector,46.14378056,-93.05681111,No Special Jurisdiction,Ditch,The First Harmful Event was Not a Collision with a Motor Vehicle in Transport,Non-Junction,Not an Intersection,None,4,On Roadside,Reported as Unknown,Reported as Unknown,Reported as Unknown,No,None,1,1
Minnesota,270224,1,1,0,1,1,0,BIG STONE (11),NOT APPLICABLE,6,9,September,6,Friday,14,2:00pm-2:59pm,U.S. Highway,Rural,Minor Arterial,45.29768611,-96.36920278,No Special Jurisdiction,Rollover/Overturn,The First Harmful Event was Not a Collision with a Motor Vehicle in Transport,Intersection-Related,Four-Way Intersection,None,4,On Roadside,Daylight,Cloudy,Cloudy,No,None,1,0
Minnesota,270225,1,1,0,1,1,0,ANOKA (3),Other,10,9,September,3,Tuesday,19,7:00pm-7:59pm,Local Street - Municipality,Rural,Local,45.33496944,-93.41600833,No Special Jurisdiction,Rollover/Overturn,The First Harmful Event was Not a Collision with a Motor Vehicle in Transport,Intersection-Related,T-Intersection,None,4,On Roadside,Daylight,Clear,Clear,No,None,1,1
Minnesota,270226,2,2,0,3,3,0,SIBLEY (143),NOT APPLICABLE,11,9,September,4,Wednesday,9,9:00am-9:59am,State Highway,Rural,Minor Arterial,44.55775833,-94.092575,No Special Jurisdiction,Motor Vehicle In-Transport,Angle,Intersection,Four-Way Intersection,None,1,On Roadway,Daylight,Cloudy,Cloudy,No,None,1,0
Minnesota,270227,2,2,0,2,2,0,ANOKA (3),ANDOVER,13,9,September,6,Friday,7,7:00am-7:59am,County Road,Urban,Minor Arterial,45.26998333,-93.37929167,No Special Jurisdiction,Motor Vehicle In-Transport,Front-to-Front,Non-Junction,Not an Intersection,None,1,On Roadway,Daylight,Cloudy,Cloudy,No,None,2,0
Minnesota,270228,2,2,0,2,2,0,KANABEC (65),MORA,13,9,September,6,Friday,16,4:00pm-4:59pm,State Highway,Rural,Minor Arterial,45.88606944,-93.28665556,No Special Jurisdiction,Motor Vehicle In-Transport,Angle,Intersection,T-Intersection,None,1,On Roadway,Daylight,Cloudy,Cloudy,No,None,1,0
Minnesota,270229,2,2,0,3,3,0,OLMSTED (109),NOT APPLICABLE,30,5,May,5,Thursday,15,3:00pm-3:59pm,County Road,Rural,Minor Arterial,44.17423056,-92.53030556,No Special Jurisdiction,Motor Vehicle In-Transport,Angle,Intersection,Four-Way Intersection,None,1,On Roadway,Daylight,Clear,Clear,No,None,1,0
Minnesota,270230,1,1,0,1,1,0,FREEBORN (47),NOT APPLICABLE,2,9,September,2,Monday,15,3:00pm-3:59pm,County Road,Rural,Minor Collector,43.70209444,-93.41365556,No Special Jurisdiction,Ditch,The First Harmful Event was Not a Collision with a Motor Vehicle in Transport,Non-Junction,Not an Intersection,None,4,On Roadside,Daylight,Clear,Clear,No,None,1,1
Minnesota,270231,2,2,0,2,2,0,MCLEOD (85),NOT APPLICABLE,10,9,September,3,Tuesday,6,6:00am-6:59am,U.S. Highway,Rural,Principal Arterial - Other,44.76825278,-94.04049167,No Special Jurisdiction,Motor Vehicle In-Transport,Angle,Intersection,T-Intersection,None,1,On Roadway,Dark - Lighted,Other,Other,No,None,1,0
Minnesota,270232,1,1,0,1,1,0,ST. LOUIS (137),NOT APPLICABLE,14,9,September,7,Saturday,16,4:00pm-4:59pm,County Road,Rural,Minor Collector,46.98688889,-92.61826111,No Special Jurisdiction,Tree (Standing Only),The First Harmful Event was Not a Collision with a Motor Vehicle in Transport,Non-Junction,Not an Intersection,None,4,On Roadside,Daylight,Clear,Clear,No,None,1,1
Minnesota,270234,2,2,0,2,2,0,WASHINGTON (163),WOODBURY,15,9,September,1,Sunday,14,2:00pm-2:59pm,County Road,Urban,Minor Arterial,44.92661944,-92.90526944,No Special Jurisdiction,Motor Vehicle In-Transport,Angle,Intersection,T-Intersection,None,1,On Roadway,Daylight,Clear,Clear,No,None,1,1
Minnesota,270236,1,1,0,1,1,0,STEVENS (149),NOT APPLICABLE,23,9,September,2,Monday,18,6:00pm-6:59pm,County Road,Rural,Minor Collector,45.61451667,-95.97706944,No Special Jurisdiction,Embankment,The First Harmful Event was Not a Collision with a Motor Vehicle in Transport,Non-Junction,Not an Intersection,None,4,On Roadside,Daylight,Clear,Clear,No,None,1,1
Minnesota,270237,1,1,0,1,1,0,COTTONWOOD (33),NOT APPLICABLE,20,9,September,6,Friday,9,9:00am-9:59am,County Road,Rural,Major Collector,43.89414722,-95.15926389,No Special Jurisdiction,Traffic Sign Support,The First Harmful Event was Not a Collision with a Motor Vehicle in Transport,Non-Junction,Not an Intersection,None,4,On Roadside,Daylight,Clear,Clear,No,None,1,0
Minnesota,270238,2,2,0,4,4,0,OTTER TAIL (111),NOT APPLICABLE,25,9,September,4,Wednesday,13,1:00pm-1:59pm,State Highway,Rural,Principal Arterial - Other,46.32580278,-95.24894444,No Special Jurisdiction,Motor Vehicle In-Transport,Angle,Intersection,Four-Way Intersection,None,1,On Roadway,Daylight,Clear,Clear,No,None,1,0
Minnesota,270239,1,1,0,1,1,0,MILLE LACS (95),NOT APPLICABLE,26,6,June,4,Wednesday,23,11:00pm-11:59pm,County Road,Rural,Major Collector,45.59810833,-93.553175,No Special Jurisdiction,Mail Box,The First Harmful Event was Not a Collision with a Motor Vehicle in Transport,Non-Junction,Not an Intersection,None,4,On Roadside,Dark - Not Lighted,Clear,Clear,No,Date of Crash and Date of EMS Notification were not the same day,1,1
Minnesota,270240,1,1,0,1,1,0,DAKOTA (37),ROSEMOUNT,28,9,September,7,Saturday,12,12:00pm-12:59pm,County Road,Rural,Minor Arterial,44.76133889,-93.05496389,No Special Jurisdiction,Rollover/Overturn,The First Harmful Event was Not a Collision with a Motor Vehicle in Transport,Non-Junction,Not an Intersection,None,4,On Roadside,Daylight,Clear,Clear,No,None,1,0
Minnesota,270241,1,1,0,1,1,0,SCOTT (139),NOT APPLICABLE,1,10,October,3,Tuesday,15,3:00pm-3:59pm,County Road,Rural,Minor Arterial,44.68184167,-93.35219167,No Special Jurisdiction,Guardrail Face,The First Harmful Event was Not a Collision with a Motor Vehicle in Transport,Non-Junction,Not an Intersection,None,4,On Roadside,Daylight,Rain,Rain,No,None,1,0
Minnesota,270244,3,3,0,3,3,0,DAKOTA (37),INVER GROVE HEIGHTS,2,10,October,4,Wednesday,8,8:00am-8:59am,State Highway,Urban,Principal Arterial - Other,44.83870556,-93.09935833,No Special Jurisdiction,Motor Vehicle In-Transport,Angle,Intersection,Four-Way Intersection,None,1,On Roadway,Daylight,Cloudy,Cloudy,No,None,1,0
Minnesota,270247,2,2,0,3,3,0,HENNEPIN (53),BLOOMINGTON,1,10,October,3,Tuesday,13,1:00pm-1:59pm,County Road,Urban,Minor Arterial,44.82620833,-93.29091667,No Special Jurisdiction,Motor Vehicle In-Transport,Angle,Intersection,Four-Way Intersection,None,1,On Roadway,Daylight,Rain,Rain,No,None,1,0
Minnesota,270248,1,1,0,1,1,0,RAMSEY (123),ARDEN HILLS,29,7,July,2,Monday,22,10:00pm-10:59pm,County Road,Urban,Minor Arterial,45.05806667,-93.17036944,No Special Jurisdiction,Utility Pole/Light Support,The First Harmful Event was Not a Collision with a Motor Vehicle in Transport,Non-Junction,Not an Intersection,None,4,On Roadside,Dark - Lighted,Clear,Clear,No,None,1,1
Minnesota,270249,1,1,0,1,1,0,ISANTI (59),NOT APPLICABLE,3,10,October,5,Thursday,18,6:00pm-6:59pm,County Road,Urban,Minor Collector,45.59104722,-93.18862222,No Special Jurisdiction,Utility Pole/Light Support,The First Harmful Event was Not a Collision with a Motor Vehicle in Transport,Non-Junction,Not an Intersection,None,5,Outside Trafficway,Dark - Lighted,Cloudy,Cloudy,No,None,1,1
Minnesota,270251,2,2,0,2,2,0,ANOKA (3),HAM LAKE,7,10,October,2,Monday,15,3:00pm-3:59pm,County Road,Urban,Minor Arterial,45.225675,-93.16303889,No Special Jurisdiction,Motor Vehicle In-Transport,Front-to-Front,Intersection,T-Intersection,None,1,On Roadway,Daylight,Clear,Clear,No,None,1,0
Minnesota,270252,2,2,0,2,2,0,MILLE LACS (95),NOT APPLICABLE,8,10,October,3,Tuesday,7,7:00am-7:59am,County Road,Rural,Major Collector,45.79695833,-93.71136944,No Special Jurisdiction,Motor Vehicle In-Transport,Front-to-Front,Non-Junction,Not an Intersection,None,1,On Roadway,Dawn,Clear,Clear,No,None,1,0
Minnesota,270253,2,2,0,4,4,0,TODD (153),HEWITT,8,10,October,3,Tuesday,10,10:00am-10:59am,U.S. Highway,Rural,Principal Arterial - Other,46.32542222,-95.09488333,No Special Jurisdiction,Motor Vehicle In-Transport,Angle,Intersection,Four-Way Intersection,None,1,On Roadway,Daylight,Clear,Clear,No,None,1,0
Minnesota,270254,4,4,0,4,4,0,SCOTT (139),NOT APPLICABLE,9,10,October,4,Wednesday,17,5:00pm-5:59pm,Interstate,Rural,Interstate,44.56571667,-93.29866667,No Special Jurisdiction,Motor Vehicle In-Transport,Sideswipe - Same Direction,Crossover-Related,Not an Intersection,Construction,1,On Roadway,Daylight,Clear,Clear,No,"Motor Vehicle struck by falling cargo,or something that came loose from or something that was set in motion by a vehicle",1,0
Minnesota,270255,1,1,0,1,1,0,HUBBARD (57),NOT APPLICABLE,9,10,October,4,Wednesday,3,3:00am-3:59am,County Road,Rural,Minor Collector,47.24205278,-94.75855556,No Special Jurisdiction,Rollover/Overturn,The First Harmful Event was Not a Collision with a Motor Vehicle in Transport,Non-Junction,Not an Intersection,None,1,On Roadway,Dark - Not Lighted,Clear,Clear,No,None,1,1
Minnesota,270257,2,2,0,2,2,0,SIBLEY (143),NOT APPLICABLE,11,10,October,6,Friday,20,8:00pm-8:59pm,U.S. Highway,Rural,Principal Arterial - Other Freeways and Expressways,44.46244444,-93.93299722,No Special Jurisdiction,Motor Vehicle In-Transport,Front-to-Front,Entrance/Exit Ramp Related,Not an Intersection,None,1,On Roadway,Dark - Lighted,Snow,Snow,No,None,1,0
Minnesota,270258,3,2,1,4,3,1,CASS (21),NOT APPLICABLE,13,10,October,1,Sunday,11,11:00am-11:59am,County Road,Rural,Minor Collector,47.21188611,-94.19345556,No Special Jurisdiction,Motor Vehicle In-Transport,Angle,Intersection,Four-Way Intersection,None,1,On Roadway,Daylight,Clear,Clear,No,"Motor Vehicle struck by falling cargo,or something that came loose from or something that was set in motion by a vehicle",1,0
Minnesota,270260,1,1,0,1,1,0,MARSHALL (89),ARGYLE,5,6,June,4,Wednesday,6,6:00am-6:59am,Other,Trafficway Not in State Inventory,Trafficway Not in State Inventory,48.33386667,-96.81358333,No Special Jurisdiction,Rollover/Overturn,The First Harmful Event was Not a Collision with a Motor Vehicle in Transport,Non-Junction,Not an Intersection,None,4,On Roadside,Daylight,Clear,Clear,No,None,1,0
Minnesota,270263,2,2,0,3,3,0,POLK (119),NOT APPLICABLE,15,10,October,3,Tuesday,12,12:00pm-12:59pm,County Road,Rural,Minor Arterial,47.77485833,-96.45959444,No Special Jurisdiction,Motor Vehicle In-Transport,Angle,Intersection,Four-Way Intersection,None,1,On Roadway,Daylight,Cloudy,Cloudy,No,None,2,0
Minnesota,270264,4,4,0,5,5,0,DAKOTA (37),ROSEMOUNT,17,10,October,5,Thursday,12,12:00pm-12:59pm,State Highway,Rural,Principal Arterial - Other,44.75833333,-93.01648611,No Special Jurisdiction,Motor Vehicle In-Transport,Front-to-Rear,Intersection-Related,T-Intersection,None,1,On Roadway,Daylight,Clear,Clear,No,None,2,0
Minnesota,270265,4,4,0,6,6,0,RAMSEY (123),SAINT PAUL,17,10,October,5,Thursday,12,12:00pm-12:59pm,U.S. Highway,Urban,Principal Arterial - Other Freeways and Expressways,44.94206111,-93.07655833,No Special Jurisdiction,Motor Vehicle In-Transport,Front-to-Rear,Through Roadway,Not an Intersection,None,1,On Roadway,Daylight,Clear,Clear,No,None,1,0
Minnesota,270266,2,2,0,9,9,0,RAMSEY (123),SAINT PAUL,17,10,October,5,Thursday,18,6:00pm-6:59pm,County Road,Urban,Minor Arterial,44.93301111,-93.00811944,No Special Jurisdiction,Motor Vehicle In-Transport,Front-to-Front,Non-Junction,Not an Intersection,None,1,On Roadway,Daylight,Clear,Clear,No,None,1,1
Minnesota,270267,6,2,4,4,4,0,HENNEPIN (53),MINNEAPOLIS,17,10,October,5,Thursday,22,10:00pm-10:59pm,Local Street - Municipality,Urban,Local,44.99331389,-93.30569167,No Special Jurisdiction,Parked Motor Vehicle,The First Harmful Event was Not a Collision with a Motor Vehicle in Transport,Non-Junction,Not an Intersection,None,7,In Parking Lane/Zone,Dark - Lighted,Cloudy,Cloudy,No,None,1,1
Minnesota,270269,1,1,0,1,1,0,ANOKA (3),EAST BETHEL,19,10,October,7,Saturday,9,9:00am-9:59am,State Highway,Urban,Principal Arterial - Other,45.31931389,-93.23586389,No Special Jurisdiction,Traffic Sign Support,The First Harmful Event was Not a Collision with a Motor Vehicle in Transport,Intersection-Related,Four-Way Intersection,None,12,Pedestrian Refuge Island or Traffic Island,Daylight,Cloudy,Cloudy,No,None,1,1
Minnesota,270270,1,1,0,2,2,0,HENNEPIN (53),BLOOMINGTON,19,10,October,7,Saturday,12,12:00pm-12:59pm,Interstate,Urban,Interstate,44.83489722,-93.29601944,No Special Jurisdiction,Tree (Standing Only),The First Harmful Event was Not a Collision with a Motor Vehicle in Transport,Other location within Interchange Area,Not an Intersection,None,4,On Roadside,Daylight,Clear,Clear,No,None,1,0
Minnesota,270271,1,1,0,1,1,0,ANOKA (3),HAM LAKE,6,9,September,6,Friday,2,2:00am-2:59am,County Road,Urban,Minor Arterial,45.218975,-93.21184167,No Special Jurisdiction,Tree (Standing Only),The First Harmful Event was Not a Collision with a Motor Vehicle in Transport,Non-Junction,Not an Intersection,None,4,On Roadside,Dark - Lighted,Clear,Clear,No,None,1,0
Minnesota,270272,1,1,0,1,1,0,ANOKA (3),NOT APPLICABLE,8,9,September,1,Sunday,17,5:00pm-5:59pm,Local Street - Township,Rural,Local,45.37611667,-93.09448889,No Special Jurisdiction,"Post, Pole or Other Supports",The First Harmful Event was Not a Collision with a Motor Vehicle in Transport,Non-Junction,Not an Intersection,None,4,On Roadside,Daylight,Clear,Clear,No,None,1,1
Minnesota,270273,1,1,0,2,2,0,NOBLES (105),NOT APPLICABLE,18,10,October,6,Friday,17,5:00pm-5:59pm,State Highway,Rural,Minor Arterial,43.66883611,-95.93313056,No Special Jurisdiction,Embankment,The First Harmful Event was Not a Collision with a Motor Vehicle in Transport,Non-Junction,Not an Intersection,Construction,4,On Roadside,Daylight,Clear,Clear,No,Other Maintenance or Construction-Created Condition,1,0
Minnesota,270274,1,1,0,1,1,0,ANOKA (3),BLAINE,19,10,October,7,Saturday,18,6:00pm-6:59pm,County Road,Urban,Minor Arterial,45.2109,-93.21423889,No Special Jurisdiction,Ditch,The First Harmful Event was Not a Collision with a Motor Vehicle in Transport,Non-Junction,Not an Intersection,None,4,On Roadside,Daylight,Clear,Clear,No,None,1,0
Minnesota,270275,1,1,0,2,2,0,SHERBURNE (141),NOT APPLICABLE,19,10,October,7,Saturday,18,6:00pm-6:59pm,County Road,Rural,Major Collector,45.39485,-93.85056944,No Special Jurisdiction,Rollover/Overturn,The First Harmful Event was Not a Collision with a Motor Vehicle in Transport,Non-Junction,Not an Intersection,None,4,On Roadside,Daylight,Clear,Clear,No,None,1,1
Minnesota,270277,2,2,0,2,2,0,BELTRAMI (7),NOT APPLICABLE,24,9,September,3,Tuesday,16,4:00pm-4:59pm,County Road,Rural,Major Collector,47.75877778,-94.68444167,No Special Jurisdiction,Motor Vehicle In-Transport,Front-to-Front,Non-Junction,Not an Intersection,None,1,On Roadway,Daylight,Clear,Clear,No,None,1,0
Minnesota,270278,1,1,0,2,2,0,WASECA (161),NOT APPLICABLE,23,10,October,4,Wednesday,21,9:00pm-9:59pm,County Road,Rural,Major Collector,44.03707222,-93.51173056,No Special Jurisdiction,Rollover/Overturn,The First Harmful Event was Not a Collision with a Motor Vehicle in Transport,Non-Junction,Not an Intersection,None,4,On Roadside,Dark - Not Lighted,Clear,Clear,No,None,1,0
Minnesota,270279,2,2,0,3,3,0,WASHINGTON (163),STILLWATER,24,10,October,5,Thursday,8,8:00am-8:59am,State Highway,Urban,Principal Arterial - Other,45.03583056,-92.81474444,No Special Jurisdiction,Motor Vehicle In-Transport,Front-to-Rear,Non-Junction,Not an Intersection,None,1,On Roadway,Daylight,Clear,Clear,No,None,1,0
Minnesota,270280,2,2,0,2,2,0,CROW WING (35),NOT APPLICABLE,25,10,October,6,Friday,7,7:00am-7:59am,State Highway,Rural,Minor Arterial,46.21408611,-94.10369167,No Special Jurisdiction,Motor Vehicle In-Transport,Angle,Intersection,Four-Way Intersection,None,1,On Roadway,Daylight,Clear,Clear,No,None,1,0
Minnesota,270281,1,1,0,1,1,0,HENNEPIN (53),EDEN PRAIRIE,27,10,October,1,Sunday,11,11:00am-11:59am,U.S. Highway,Urban,Principal Arterial - Other Freeways and Expressways,44.86246944,-93.44281944,No Special Jurisdiction,Embankment,The First Harmful Event was Not a Collision with a Motor Vehicle in Transport,Other location within Interchange Area,Not an Intersection,None,4,On Roadside,Daylight,Cloudy,Cloudy,No,None,1,0
Minnesota,270282,1,1,0,3,3,0,BROWN (15),NEW ULM,28,10,October,2,Monday,15,3:00pm-3:59pm,Local Street - Municipality,Urban,Local,44.32404444,-94.49684444,No Special Jurisdiction,Rollover/Overturn,The First Harmful Event was Not a Collision with a Motor Vehicle in Transport,Intersection-Related,Four-Way Intersection,None,4,On Roadside,Daylight,Clear,Clear,No,None,1,0
Minnesota,270284,3,2,1,4,4,0,KANDIYOHI (67),WILLMAR,30,10,October,4,Wednesday,15,3:00pm-3:59pm,County Road,Urban,Minor Arterial,45.10334167,-95.04582778,No Special Jurisdiction,Motor Vehicle In-Transport,Angle,Intersection,Four-Way Intersection,None,1,On Roadway,Daylight,Clear,Clear,No,None,1,0
Minnesota,270285,2,2,0,2,2,0,CASS (21),NOT APPLICABLE,31,10,October,5,Thursday,18,6:00pm-6:59pm,State Highway,Rural,Minor Arterial,46.97348333,-94.21212778,No Special Jurisdiction,Motor Vehicle In-Transport,Sideswipe - Opposite Direction,Non-Junction,Not an Intersection,None,1,On Roadway,Dark - Not Lighted,Clear,Clear,No,None,1,1
Minnesota,270286,2,2,0,2,2,0,CHISAGO (25),NORTH BRANCH,1,11,November,6,Friday,5,5:00am-5:59am,Interstate,Urban,Interstate,45.52509444,-92.991325,No Special Jurisdiction,Motor Vehicle In-Transport,Front-to-Rear,Non-Junction,Not an Intersection,None,1,On Roadway,Daylight,Clear,Clear,No,None,1,1
Minnesota,270290,2,2,0,2,2,0,WASHINGTON (163),STILLWATER,25,9,September,4,Wednesday,15,3:00pm-3:59pm,Local Street - Municipality,Urban,Major Collector,45.04815833,-92.80786944,No Special Jurisdiction,Motor Vehicle In-Transport,Front-to-Front,Non-Junction,Not an Intersection,None,1,On Roadway,Daylight,Clear,Clear,No,None,1,0
Minnesota,270291,2,2,0,2,2,0,OLMSTED (109),NOT APPLICABLE,20,10,October,1,Sunday,18,6:00pm-6:59pm,County Road,Rural,Major Collector,43.94817778,-92.13901944,No Special Jurisdiction,Motor Vehicle In-Transport,Front-to-Front,Intersection,Four-Way Intersection,None,1,On Roadway,Daylight,Clear,Clear,No,None,1,0
Minnesota,270292,2,2,0,2,2,0,MARSHALL (89),NOT APPLICABLE,6,11,November,4,Wednesday,16,4:00pm-4:59pm,State Highway,Rural,Minor Arterial,48.29891944,-95.74349722,No Special Jurisdiction,Motor Vehicle In-Transport,Front-to-Front,Non-Junction,Not an Intersection,None,1,On Roadway,Daylight,Clear,Clear,No,None,1,0
Minnesota,270293,3,3,0,4,4,0,ST. LOUIS (137),NOT APPLICABLE,8,11,November,6,Friday,17,5:00pm-5:59pm,U.S. Highway,Rural,Principal Arterial - Other,47.979875,-92.82546389,No Special Jurisdiction,Motor Vehicle In-Transport,Front-to-Front,Non-Junction,Not an Intersection,None,1,On Roadway,Dark - Not Lighted,Clear,Clear,No,None,1,1
Minnesota,270294,1,1,0,1,1,0,SHERBURNE (141),NOT APPLICABLE,8,11,November,6,Friday,18,6:00pm-6:59pm,U.S. Highway,Rural,Principal Arterial - Other,45.53572222,-93.58405556,No Special Jurisdiction,Rollover/Overturn,The First Harmful Event was Not a Collision with a Motor Vehicle in Transport,Non-Junction,Not an Intersection,None,4,On Roadside,Dark - Not Lighted,Cloudy,Cloudy,No,None,1,0
Minnesota,270296,2,2,0,2,2,0,WASECA (161),NOT APPLICABLE,12,11,November,3,Tuesday,6,6:00am-6:59am,State Highway,Rural,Minor Arterial,44.18174167,-93.50746667,No Special Jurisdiction,Motor Vehicle In-Transport,Angle,Intersection,Four-Way Intersection,None,1,On Roadway,Dark - Not Lighted,Clear,Clear,No,None,1,0