STATE,ST_CASE,VE_TOTAL,VE_FORMS,PVH_INVL,PERSONS,PERMVIT,PERNOTMVIT,COUNTY,CITY,DAYNAME,MONTH,MONTHNAME,DAY_WEEK,DAY_WEEKNAME,HOUR,HOURNAME,ROUTE,Rurality,FUNC_SYS,LATITUDE,LONGITUDE,SP_JUR,HARM_EV,MAN_COLL,RELJCT2NAME,Type_Intersection,WRK_ZONE,REL_ROAD,REL_ROADNAME,LGT_COND,WEATHER1,WEATHER,SCH_BUSNAME,CF1,Fatalities,DRUNK_DRIVER
Wisconsin,550467,1,1,0,1,1,0,LINCOLN (69),NOT APPLICABLE,13,11,November,4,Wednesday,3,3:00am-3:59am,State Highway,Rural,Minor Arterial,45.14904167,-89.88361389,No Special Jurisdiction,Rollover/Overturn,The First Harmful Event was Not a Collision with a Motor Vehicle in Transport,Non-Junction,Not an Intersection,None,4,On Roadside,Dark - Not Lighted,Snow,Snow,No,None,1,0
Wisconsin,550468,2,2,0,3,3,0,WAUPACA (135),NOT APPLICABLE,21,11,November,5,Thursday,21,9:00pm-9:59pm,U.S. Highway,Rural,Principal Arterial - Other,44.26838056,-88.9284,No Special Jurisdiction,Motor Vehicle In-Transport,Angle,Intersection,T-Intersection,None,1,On Roadway,Dark - Not Lighted,Clear,Clear,No,None,1,0
Wisconsin,550469,2,2,0,3,3,0,MILWAUKEE (79),FRANKLIN,23,11,November,7,Saturday,11,11:00am-11:59am,County Road,Urban,Principal Arterial - Other,42.91601389,-87.99924444,No Special Jurisdiction,Motor Vehicle In-Transport,Angle,Intersection,Four-Way Intersection,None,1,On Roadway,Daylight,Clear,Clear,No,None,1,0
Wisconsin,550471,2,2,0,3,3,0,MARATHON (73),NOT APPLICABLE,25,11,November,2,Monday,17,5:00pm-5:59pm,State Highway,Rural,Principal Arterial - Other,44.94573889,-90.25943333,No Special Jurisdiction,Motor Vehicle In-Transport,Angle,Intersection,Four-Way Intersection,None,1,On Roadway,Dark - Not Lighted,Cloudy,Cloudy,No,None,1,0
Wisconsin,550472,1,1,0,1,1,0,MILWAUKEE (79),WEST ALLIS,15,8,August,5,Thursday,11,11:00am-11:59am,Interstate,Urban,Interstate,42.99816667,-88.03815,No Special Jurisdiction,Other Object (not fixed),The First Harmful Event was Not a Collision with a Motor Vehicle in Transport,Through Roadway,Not an Intersection,None,1,On Roadway,Daylight,Clear,Clear,No,None,1,1
Wisconsin,550473,1,1,0,1,1,0,KENOSHA (59),Other,10,11,November,1,Sunday,19,7:00pm-7:59pm,County Road,Urban,Minor Collector,42.55379722,-88.12814444,No Special Jurisdiction,Tree (Standing Only),The First Harmful Event was Not a Collision with a Motor Vehicle in Transport,Non-Junction,Not an Intersection,None,4,On Roadside,Dark - Not Lighted,Clear,Clear,No,None,1,1
Wisconsin,550474,1,1,0,1,1,0,WINNEBAGO (139),Other,8,11,November,6,Friday,3,3:00am-3:59am,Interstate,Urban,Interstate,44.24223611,-88.46465278,No Special Jurisdiction,Other Object (not fixed),The First Harmful Event was Not a Collision with a Motor Vehicle in Transport,Entrance/Exit Ramp Related,Not an Intersection,"Work Zone, Type Unknown",2,On Shoulder,Dark - Not Lighted,Cloudy,Cloudy,No,Date of Crash and Date of EMS Notification were not the same day,1,1
Wisconsin,550476,2,2,0,5,5,0,SHAWANO (115),NOT APPLICABLE,20,10,October,1,Sunday,16,4:00pm-4:59pm,State Highway,Rural,Minor Arterial,44.82761944,-88.62082222,No Special Jurisdiction,Motor Vehicle In-Transport,Angle,Non-Junction,Not an Intersection,None,1,On Roadway,Daylight,Clear,Clear,No,None,1,0
Wisconsin,550477,1,1,0,1,1,0,MILWAUKEE (79),WHITEFISH BAY,8,12,December,1,Sunday,21,9:00pm-9:59pm,Local Street - Municipality,Urban,Local,43.10824444,-87.89456389,No Special Jurisdiction,Tree (Standing Only),The First Harmful Event was Not a Collision with a Motor Vehicle in Transport,Non-Junction,Not an Intersection,None,4,On Roadside,Dark - Lighted,Rain,Rain,No,None,1,1
Wisconsin,550478,2,2,0,2,2,0,DODGE (27),NOT APPLICABLE,6,12,December,6,Friday,9,9:00am-9:59am,State Highway,Rural,Principal Arterial - Other,43.44445833,-88.77535556,No Special Jurisdiction,Motor Vehicle In-Transport,Front-to-Front,Non-Junction,Not an Intersection,None,1,On Roadway,Daylight,Clear,Clear,No,None,1,0
Wisconsin,550479,1,1,0,1,1,0,WAUPACA (135),NOT APPLICABLE,23,11,November,7,Saturday,8,8:00am-8:59am,County Road,Rural,Major Collector,44.27608333,-89.10293056,No Special Jurisdiction,Tree (Standing Only),The First Harmful Event was Not a Collision with a Motor Vehicle in Transport,Non-Junction,Not an Intersection,None,4,On Roadside,Daylight,Clear,Clear,No,None,1,0
Wisconsin,550480,2,2,0,3,3,0,IOWA (49),NOT APPLICABLE,6,12,December,6,Friday,13,1:00pm-1:59pm,U.S. Highway,Rural,Principal Arterial - Other,42.9696,-90.04511389,No Special Jurisdiction,Motor Vehicle In-Transport,Angle,Intersection,Four-Way Intersection,None,1,On Roadway,Daylight,Clear,Clear,No,None,1,0
Wisconsin,550481,3,3,0,11,11,0,WASHINGTON (131),GERMANTOWN,8,12,December,1,Sunday,22,10:00pm-10:59pm,Interstate,Urban,Interstate,43.24192778,-88.18006389,No Special Jurisdiction,Motor Vehicle In-Transport,Front-to-Front,Non-Junction,Not an Intersection,None,1,On Roadway,Dark - Not Lighted,Clear,Clear,No,None,2,1
Wisconsin,550482,2,2,0,8,8,0,EAU CLAIRE (35),NOT APPLICABLE,13,12,December,6,Friday,21,9:00pm-9:59pm,Interstate,Urban,Interstate,44.79283889,-91.549525,No Special Jurisdiction,Rollover/Overturn,The First Harmful Event was Not a Collision with a Motor Vehicle in Transport,Non-Junction,Not an Intersection,None,3,On Median,Dark - Not Lighted,Cloudy,Cloudy,No,"Motor Vehicle struck by falling cargo,or something that came loose from or something that was set in motion by a vehicle",1,0
Wisconsin,550483,3,3,0,3,3,0,KENOSHA (59),SOMERS,18,12,December,4,Wednesday,15,3:00pm-3:59pm,State Highway,Urban,Principal Arterial - Other,42.62509722,-87.87703889,No Special Jurisdiction,Motor Vehicle In-Transport,Angle,Intersection-Related,Four-Way Intersection,None,1,On Roadway,Daylight,Clear,Clear,No,None,1,1
Wisconsin,550484,1,1,0,1,1,0,OZAUKEE (89),NOT APPLICABLE,19,12,December,5,Thursday,1,1:00am-1:59am,County Road,Rural,Minor Collector,43.46193333,-87.86546667,No Special Jurisdiction,Embankment,The First Harmful Event was Not a Collision with a Motor Vehicle in Transport,Non-Junction,Not an Intersection,None,4,On Roadside,Dark - Not Lighted,Reported as Unknown,Reported as Unknown,No,None,1,0
Wisconsin,550485,1,1,0,1,1,0,ADAMS (1),NOT APPLICABLE,18,12,December,4,Wednesday,99,Unknown Hours,Local Street - Township,Rural,Local,43.84750556,-89.84483333,No Special Jurisdiction,Tree (Standing Only),The First Harmful Event was Not a Collision with a Motor Vehicle in Transport,Non-Junction,Not an Intersection,None,4,On Roadside,Dark - Not Lighted,Clear,Clear,No,None,1,1
Wisconsin,550487,2,2,0,2,2,0,WASHINGTON (131),RICHFIELD,7,6,June,6,Friday,18,6:00pm-6:59pm,County Road,Urban,Principal Arterial - Other,43.19323333,-88.26433056,No Special Jurisdiction,Motor Vehicle In-Transport,Angle,Driveway Access Related,Not an Intersection,None,1,On Roadway,Daylight,Clear,Clear,No,None,1,2
Wisconsin,550488,1,1,0,1,1,0,MILWAUKEE (79),MILWAUKEE,6,12,December,6,Friday,1,1:00am-1:59am,Local Street - Municipality,Urban,Principal Arterial - Other,43.04795,-87.91088333,No Special Jurisdiction,Tree (Standing Only),The First Harmful Event was Not a Collision with a Motor Vehicle in Transport,Intersection-Related,T-Intersection,None,3,On Median,Dark - Lighted,Clear,Clear,No,None,1,1
Wisconsin,550489,1,1,0,2,2,0,ROCK (105),NOT APPLICABLE,25,12,December,4,Wednesday,23,11:00pm-11:59pm,Local Street - Township,Rural,Major Collector,42.67184444,-89.07077778,No Special Jurisdiction,Culvert,The First Harmful Event was Not a Collision with a Motor Vehicle in Transport,Non-Junction,Not an Intersection,None,4,On Roadside,Dark - Not Lighted,Cloudy,Cloudy,No,None,2,1
Wisconsin,550490,1,1,0,1,1,0,SAUK (111),NOT APPLICABLE,3,11,November,1,Sunday,10,10:00am-10:59am,Local Street - Township,Rural,Minor Collector,43.633925,-90.21193333,No Special Jurisdiction,Live Animal,The First Harmful Event was Not a Collision with a Motor Vehicle in Transport,Non-Junction,Not an Intersection,None,1,On Roadway,Daylight,Cloudy,Cloudy,No,None,1,0
Wisconsin,550491,1,1,0,1,1,0,GRANT (43),NOT APPLICABLE,1,11,November,6,Friday,7,7:00am-7:59am,State Highway,Rural,Minor Arterial,42.77381389,-90.92234444,No Special Jurisdiction,Guardrail End,The First Harmful Event was Not a Collision with a Motor Vehicle in Transport,Non-Junction,Not an Intersection,None,4,On Roadside,Daylight,Cloudy,Cloudy,No,None,1,0
Wisconsin,550492,1,1,0,1,1,0,MARINETTE (75),NOT APPLICABLE,5,11,November,3,Tuesday,15,3:00pm-3:59pm,Local Street - Township,Rural,Local,45.35316667,-88.16279167,No Special Jurisdiction,Rollover/Overturn,The First Harmful Event was Not a Collision with a Motor Vehicle in Transport,Non-Junction,Not an Intersection,None,4,On Roadside,Daylight,Clear,Clear,No,None,1,1
Wisconsin,550493,2,2,0,2,2,0,POLK (95),NOT APPLICABLE,9,11,November,7,Saturday,9,9:00am-9:59am,State Highway,Rural,Minor Arterial,45.50968333,-92.65191667,No Special Jurisdiction,Motor Vehicle In-Transport,Angle,Non-Junction,Not an Intersection,None,1,On Roadway,Daylight,Cloudy,Cloudy,No,None,1,0
Wisconsin,550494,1,1,0,3,3,0,MANITOWOC (71),NOT APPLICABLE,16,11,November,7,Saturday,6,6:00am-6:59am,Interstate,Rural,Interstate,44.28711389,-87.78259167,No Special Jurisdiction,Ditch,The First Harmful Event was Not a Collision with a Motor Vehicle in Transport,Non-Junction,Not an Intersection,None,4,On Roadside,Dawn,Clear,Clear,No,None,1,0
Wisconsin,550495,1,1,0,1,1,0,MILWAUKEE (79),WAUWATOSA,12,11,November,3,Tuesday,19,7:00pm-7:59pm,Interstate,Urban,Interstate,43.05444444,-88.04416667,No Special Jurisdiction,Concrete Traffic Barrier,The First Harmful Event was Not a Collision with a Motor Vehicle in Transport,Non-Junction,Not an Intersection,None,4,On Roadside,Dark - Lighted,Clear,Clear,No,None,1,1
Wisconsin,550497,2,2,0,2,2,0,OCONTO (83),NOT APPLICABLE,15,11,November,6,Friday,23,11:00pm-11:59pm,State Highway,Rural,Minor Arterial,44.89327222,-87.99931389,No Special Jurisdiction,Motor Vehicle In-Transport,Front-to-Front,Non-Junction,Not an Intersection,None,1,On Roadway,Dark - Not Lighted,Cloudy,Cloudy,No,None,1,1
Wisconsin,550498,2,2,0,2,2,0,RUSK (107),NOT APPLICABLE,19,11,November,3,Tuesday,7,7:00am-7:59am,U.S. Highway,Rural,Principal Arterial - Other,45.40728056,-91.46231111,No Special Jurisdiction,Motor Vehicle In-Transport,Front-to-Front,Non-Junction,Not an Intersection,None,1,On Roadway,Daylight,Rain,Freezing Rain or Drizzle,No,None,1,0
Wisconsin,550499,1,1,0,1,1,0,JUNEAU (57),NOT APPLICABLE,24,11,November,1,Sunday,99,Unknown Hours,Local Street - Township,Rural,Local,43.89424167,-90.11915556,No Special Jurisdiction,Tree (Standing Only),The First Harmful Event was Not a Collision with a Motor Vehicle in Transport,Non-Junction,Not an Intersection,None,4,On Roadside,Dark - Not Lighted,Clear,Clear,No,None,1,1
Wisconsin,550501,2,2,0,2,2,0,MANITOWOC (71),NOT APPLICABLE,19,11,November,3,Tuesday,13,1:00pm-1:59pm,County Road,Rural,Major Collector,44.22577222,-87.96976667,No Special Jurisdiction,Motor Vehicle In-Transport,Angle,Intersection,Four-Way Intersection,None,1,On Roadway,Daylight,Cloudy,Cloudy,No,None,1,0
Wisconsin,550502,1,1,0,1,1,0,DOUGLAS (31),NOT APPLICABLE,22,11,November,6,Friday,17,5:00pm-5:59pm,U.S. Highway,Rural,Principal Arterial - Other,46.31356111,-91.81211389,No Special Jurisdiction,Mail Box,The First Harmful Event was Not a Collision with a Motor Vehicle in Transport,Non-Junction,Not an Intersection,None,4,On Roadside,Dark - Not Lighted,Clear,Clear,No,None,1,0
Wisconsin,550503,1,1,0,1,1,0,BARRON (5),NOT APPLICABLE,28,11,November,5,Thursday,0,0:00am-0:59am,State Highway,Rural,Minor Arterial,45.53151944,-91.96581667,No Special Jurisdiction,Rollover/Overturn,The First Harmful Event was Not a Collision with a Motor Vehicle in Transport,Non-Junction,Not an Intersection,None,4,On Roadside,Dark - Not Lighted,Cloudy,Cloudy,No,None,1,1
Wisconsin,550504,1,1,0,1,1,0,SAWYER (113),NOT APPLICABLE,27,11,November,4,Wednesday,14,2:00pm-2:59pm,County Road,Rural,Major Collector,45.88234444,-91.385275,No Special Jurisdiction,Tree (Standing Only),The First Harmful Event was Not a Collision with a Motor Vehicle in Transport,Non-Junction,Not an Intersection,None,4,On Roadside,Daylight,Cloudy,Cloudy,No,None,1,1
Wisconsin,550505,3,3,0,3,3,0,ROCK (105),NOT APPLICABLE,22,11,November,6,Friday,17,5:00pm-5:59pm,State Highway,Rural,Principal Arterial - Other,42.54055278,-89.25388889,No Special Jurisdiction,Motor Vehicle In-Transport,Front-to-Front,Non-Junction,Not an Intersection,None,1,On Roadway,Dark - Not Lighted,Clear,Clear,No,"Motor Vehicle struck by falling cargo,or something that came loose from or something that was set in motion by a vehicle",1,1
Wisconsin,550506,2,2,0,4,4,0,DANE (25),MONONA,19,11,November,3,Tuesday,12,12:00pm-12:59pm,U.S. Highway,Urban,Principal Arterial - Other Freeways and Expressways,43.04396944,-89.34351944,No Special Jurisdiction,Motor Vehicle In-Transport,Sideswipe - Same Direction,Non-Junction,Not an Intersection,None,1,On Roadway,Daylight,Cloudy,Cloudy,No,None,1,0
Wisconsin,550509,2,2,0,4,4,0,BURNETT (13),NOT APPLICABLE,28,12,December,7,Saturday,15,3:00pm-3:59pm,State Highway,Rural,Principal Arterial - Other,45.77286111,-92.65090556,No Special Jurisdiction,Motor Vehicle In-Transport,Angle,Non-Junction,Not an Intersection,None,1,On Roadway,Daylight,Rain,Sleet or Hail,No,None,2,0
Wisconsin,550510,1,1,0,1,1,0,WALWORTH (127),FONTANA,21,12,December,7,Saturday,16,4:00pm-4:59pm,State Highway,Urban,Minor Arterial,42.56328056,-88.58038889,No Special Jurisdiction,Tree (Standing Only),The First Harmful Event was Not a Collision with a Motor Vehicle in Transport,Non-Junction,Not an Intersection,None,6,Off Roadway-Location Unknown,Daylight,Clear,Clear,No,None,1,0
Wisconsin,550512,1,1,0,1,1,0,DANE (25),NOT APPLICABLE,25,12,December,4,Wednesday,22,10:00pm-10:59pm,State Highway,Rural,Major Collector,42.88821667,-89.23069444,No Special Jurisdiction,Tree (Standing Only),The First Harmful Event was Not a Collision with a Motor Vehicle in Transport,Non-Junction,Not an Intersection,None,4,On Roadside,Dark - Not Lighted,Clear,Clear,No,None,1,1
Wisconsin,550513,2,2,0,2,2,0,TAYLOR (119),NOT APPLICABLE,31,12,December,3,Tuesday,13,1:00pm-1:59pm,Local Street - Township,Rural,Local,45.07899722,-90.75970278,No Special Jurisdiction,Motor Vehicle In-Transport,Angle,Driveway Access Related,Not an Intersection,None,1,On Roadway,Daylight,Clear,Clear,No,None,1,0
Wisconsin,550514,1,1,0,1,1,0,CRAWFORD (23),NOT APPLICABLE,3,11,November,1,Sunday,3,3:00am-3:59am,State Highway,Rural,Major Collector,43.327225,-90.74916111,No Special Jurisdiction,"Post, Pole or Other Supports",The First Harmful Event was Not a Collision with a Motor Vehicle in Transport,Non-Junction,Not an Intersection,"Work Zone, Type Unknown",4,On Roadside,Dark - Not Lighted,Clear,Clear,No,None,1,1
Wisconsin,550515,2,2,0,7,7,0,LANGLADE (67),NOT APPLICABLE,30,11,November,7,Saturday,11,11:00am-11:59am,U.S. Highway,Rural,Principal Arterial - Other,45.09960833,-89.15380833,No Special Jurisdiction,Motor Vehicle In-Transport,Angle,Non-Junction,Not an Intersection,None,1,On Roadway,Daylight,Sleet or Hail,Snow,No,None,1,0
Wisconsin,550516,2,2,0,2,2,0,SAUK (111),NOT APPLICABLE,6,12,December,6,Friday,13,1:00pm-1:59pm,State Highway,Rural,Major Collector,43.53245,-89.95455833,No Special Jurisdiction,Motor Vehicle In-Transport,Angle,Intersection,T-Intersection,None,1,On Roadway,Daylight,Clear,Clear,No,None,1,0
Wisconsin,550517,1,1,0,2,2,0,FOND DU LAC (39),NOT APPLICABLE,5,12,December,5,Thursday,1,1:00am-1:59am,County Road,Rural,Minor Arterial,43.74073333,-88.500675,No Special Jurisdiction,Traffic Sign Support,The First Harmful Event was Not a Collision with a Motor Vehicle in Transport,Non-Junction,Not an Intersection,None,4,On Roadside,Dark - Not Lighted,Clear,Clear,No,None,2,1
Wisconsin,550518,2,2,0,5,5,0,OZAUKEE (89),MEQUON,9,12,December,2,Monday,12,12:00pm-12:59pm,State Highway,Urban,Principal Arterial - Other,43.19256667,-88.00394167,No Special Jurisdiction,Motor Vehicle In-Transport,Angle,Intersection,Four-Way Intersection,None,1,On Roadway,Daylight,Rain,Rain,No,None,1,0
Wisconsin,550521,2,2,0,2,2,0,WAUPACA (135),NOT APPLICABLE,16,12,December,2,Monday,5,5:00am-5:59am,State Highway,Rural,Principal Arterial - Other,44.32688889,-89.15199444,No Special Jurisdiction,Motor Vehicle In-Transport,Front-to-Front,Non-Junction,Not an Intersection,None,1,On Roadway,Dark - Not Lighted,Clear,Clear,No,None,1,0
Wisconsin,550522,1,1,0,1,1,0,MANITOWOC (71),TWO RIVERS,22,12,December,1,Sunday,2,2:00am-2:59am,State Highway,Urban,Principal Arterial - Other,44.15340833,-87.5896,No Special Jurisdiction,Utility Pole/Light Support,The First Harmful Event was Not a Collision with a Motor Vehicle in Transport,Non-Junction,Not an Intersection,None,4,On Roadside,Dark - Lighted,Cloudy,Cloudy,No,Police Pursuit Involved,1,1
Wisconsin,550525,1,1,0,5,5,0,MILWAUKEE (79),MILWAUKEE,27,12,December,6,Friday,20,8:00pm-8:59pm,Local Street - Municipality,Urban,Minor Collector,43.08111111,-87.94614444,No Special Jurisdiction,Curb,The First Harmful Event was Not a Collision with a Motor Vehicle in Transport,Non-Junction,Not an Intersection,None,4,On Roadside,Dark - Lighted,Clear,Clear,No,None,4,0
Wisconsin,550526,1,1,0,1,1,0,MONROE (81),NOT APPLICABLE,30,12,December,2,Monday,10,10:00am-10:59am,State Highway,Rural,Minor Arterial,43.76517222,-90.56534444,No Special Jurisdiction,Rollover/Overturn,The First Harmful Event was Not a Collision with a Motor Vehicle in Transport,Non-Junction,Not an Intersection,None,4,On Roadside,Daylight,Snow,Snow,No,None,1,1
Wisconsin,550527,2,2,0,3,3,0,IOWA (49),NOT APPLICABLE,31,12,December,3,Tuesday,7,7:00am-7:59am,County Road,Rural,Major Collector,43.1496,-90.0911,No Special Jurisdiction,Motor Vehicle In-Transport,Angle,Non-Junction,Not an Intersection,None,1,On Roadway,Daylight,Cloudy,Cloudy,No,None,2,0
Wisconsin,550528,1,1,0,1,1,0,IOWA (49),NOT APPLICABLE,30,12,December,2,Monday,7,7:00am-7:59am,County Road,Rural,Minor Collector,43.02130833,-90.07845278,No Special Jurisdiction,Culvert,The First Harmful Event was Not a Collision with a Motor Vehicle in Transport,Non-Junction,Not an Intersection,None,4,On Roadside,Daylight,Cloudy,Cloudy,No,None,1,0
Wisconsin,550530,1,1,0,1,1,0,WASHINGTON (131),NOT APPLICABLE,31,12,December,3,Tuesday,4,4:00am-4:59am,Interstate,Rural,Interstate,43.31145,-88.23299444,No Special Jurisdiction,Rollover/Overturn,The First Harmful Event was Not a Collision with a Motor Vehicle in Transport,Non-Junction,Not an Intersection,None,3,On Median,Dark - Not Lighted,Cloudy,Cloudy,No,None,1,0
Wisconsin,550532,4,1,3,2,2,0,MARATHON (73),NOT APPLICABLE,25,8,August,1,Sunday,13,1:00pm-1:59pm,Other,Trafficway Not in State Inventory,Trafficway Not in State Inventory,44.9243,-89.65394722,No Special Jurisdiction,"Post, Pole or Other Supports",The First Harmful Event was Not a Collision with a Motor Vehicle in Transport,Non-Junction,Not an Intersection,None,4,On Roadside,Daylight,Cloudy,Cloudy,No,"Motor Vehicle struck by falling cargo,or something that came loose from or something that was set in motion by a vehicle",1,0
Wisconsin,550533,1,1,0,1,1,0,RACINE (101),RACINE,28,10,October,2,Monday,7,7:00am-7:59am,Local Street - Municipality,Urban,Local,42.75050833,-87.80566667,No Special Jurisdiction,"Post, Pole or Other Supports",The First Harmful Event was Not a Collision with a Motor Vehicle in Transport,Non-Junction,Not an Intersection,None,4,On Roadside,Daylight,Clear,Clear,No,None,1,0
Wisconsin,550534,1,1,0,1,1,0,LAFAYETTE (65),NOT APPLICABLE,24,3,March,1,Sunday,16,4:00pm-4:59pm,County Road,Rural,Minor Arterial,42.793175,-89.9582,No Special Jurisdiction,Rollover/Overturn,The First Harmful Event was Not a Collision with a Motor Vehicle in Transport,Non-Junction,Not an Intersection,None,1,On Roadway,Daylight,Rain,Rain,No,None,1,1
Wisconsin,550535,1,1,0,1,1,0,JUNEAU (57),NOT APPLICABLE,18,5,May,7,Saturday,23,11:00pm-11:59pm,Local Street - Township,Rural,Local,44.22753333,-89.96014722,No Special Jurisdiction,Rollover/Overturn,The First Harmful Event was Not a Collision with a Motor Vehicle in Transport,Non-Junction,Not an Intersection,None,1,On Roadway,Dark - Not Lighted,Rain,Rain,No,None,1,1
Wisconsin,550536,2,2,0,4,4,0,ADAMS (1),NOT APPLICABLE,24,5,May,6,Friday,19,7:00pm-7:59pm,Local Street - Township,Rural,Local,44.11325,-89.85838056,No Special Jurisdiction,Motor Vehicle In-Transport,Rear-to-Side,Non-Junction,Not an Intersection,None,1,On Roadway,Daylight,Clear,Clear,No,None,1,2
Wisconsin,550537,1,1,0,2,2,0,ADAMS (1),NOT APPLICABLE,11,8,August,1,Sunday,16,4:00pm-4:59pm,Local Street - Township,Rural,Local,44.23283611,-89.837725,No Special Jurisdiction,"Post, Pole or Other Supports",The First Harmful Event was Not a Collision with a Motor Vehicle in Transport,Non-Junction,Not an Intersection,None,4,On Roadside,Daylight,Cloudy,Cloudy,No,None,1,1
Wisconsin,550538,1,1,0,1,1,0,LANGLADE (67),NOT APPLICABLE,25,8,August,1,Sunday,22,10:00pm-10:59pm,Local Street - Township,Rural,Local,45.42255278,-88.94663889,No Special Jurisdiction,Other Fixed Object,The First Harmful Event was Not a Collision with a Motor Vehicle in Transport,Non-Junction,Not an Intersection,None,4,On Roadside,Dark - Not Lighted,Clear,Clear,No,None,1,1
Wisconsin,550539,1,1,0,1,1,0,WOOD (141),NOT APPLICABLE,22,9,September,1,Sunday,21,9:00pm-9:59pm,Local Street - Township,Rural,Local,44.35088611,-89.91551111,No Special Jurisdiction,Rollover/Overturn,The First Harmful Event was Not a Collision with a Motor Vehicle in Transport,Non-Junction,Not an Intersection,None,1,On Roadway,Dark - Not Lighted,Rain,Rain,No,None,1,1
Wisconsin,550540,1,1,0,1,1,0,ADAMS (1),ARKDALE,10,10,October,5,Thursday,2,2:00am-2:59am,Local Street - Township,Rural,Local,44.08757222,-89.90878056,No Special Jurisdiction,Live Animal,The First Harmful Event was Not a Collision with a Motor Vehicle in Transport,Non-Junction,Not an Intersection,None,1,On Roadway,Dark - Unknown Lighting,Not Reported,Not Reported,No,None,1,1
Wisconsin,550541,2,2,0,4,4,0,RUSK (107),NOT APPLICABLE,14,9,September,7,Saturday,15,3:00pm-3:59pm,County Road,Rural,Minor Collector,45.49890278,-90.88411667,No Special Jurisdiction,Motor Vehicle In-Transport,Sideswipe - Same Direction,Non-Junction,Not an Intersection,None,1,On Roadway,Daylight,Cloudy,Cloudy,No,None,1,2
Wisconsin,550542,1,1,0,1,1,0,LINCOLN (69),NOT APPLICABLE,8,7,July,2,Monday,19,7:00pm-7:59pm,Local Street - Township,Rural,Local,45.4138,-89.71606667,No Special Jurisdiction,Rollover/Overturn,The First Harmful Event was Not a Collision with a Motor Vehicle in Transport,Non-Junction,Not an Intersection,None,1,On Roadway,Daylight,Clear,Clear,No,None,1,1
Wisconsin,550543,1,1,0,1,1,0,IRON (51),NOT APPLICABLE,26,5,May,1,Sunday,0,0:00am-0:59am,Local Street - Township,Rural,Local,46.42023889,-90.2588,No Special Jurisdiction,Rollover/Overturn,The First Harmful Event was Not a Collision with a Motor Vehicle in Transport,Non-Junction,Not an Intersection,None,1,On Roadway,Dark - Not Lighted,Clear,Clear,No,None,1,1
Wisconsin,550544,1,1,0,1,1,0,PORTAGE (97),NOT APPLICABLE,20,10,October,1,Sunday,17,5:00pm-5:59pm,Local Street - Township,Rural,Local,44.43794444,-89.45608889,No Special Jurisdiction,Rollover/Overturn,The First Harmful Event was Not a Collision with a Motor Vehicle in Transport,Non-Junction,Not an Intersection,None,4,On Roadside,Daylight,Clear,Clear,No,Shoulder Design or Condition,1,0
Wisconsin,550545,1,1,0,1,1,0,GRANT (43),NOT APPLICABLE,24,8,August,7,Saturday,21,9:00pm-9:59pm,Local Street - Township,Rural,Local,42.63906667,-90.64713056,No Special Jurisdiction,Live Animal,The First Harmful Event was Not a Collision with a Motor Vehicle in Transport,Non-Junction,Not an Intersection,None,1,On Roadway,Dark - Not Lighted,Clear,Clear,No,None,1,1
Wisconsin,550546,1,1,0,1,1,0,LINCOLN (69),NOT APPLICABLE,5,6,June,4,Wednesday,20,8:00pm-8:59pm,Local Street - Township,Rural,Local,45.42824167,-89.71357222,No Special Jurisdiction,Rollover/Overturn,The First Harmful Event was Not a Collision with a Motor Vehicle in Transport,Non-Junction,Not an Intersection,None,1,On Roadway,Dusk,Clear,Clear,No,None,1,1
Wisconsin,550547,3,3,0,3,3,0,MILWAUKEE (79),MILWAUKEE,8,12,December,1,Sunday,6,6:00am-6:59am,Local Street - Municipality,Urban,Minor Arterial,43.13809167,-87.95381111,No Special Jurisdiction,Motor Vehicle In-Transport,Sideswipe - Same Direction,Non-Junction,Not an Intersection,None,1,On Roadway,Dawn,Cloudy,Cloudy,No,Police Pursuit Involved,1,0